image,subject_id,fix_x,fix_y,duration
1001.jpg,5,336.875,238.4765625,850.0
1001.jpg,5,180.625,373.2421875,891.0
1001.jpg,5,342.5,189.84375,1166.0
1002.jpg,5,224.375,300.5859375,433.0
1002.jpg,5,655.0,47.4609375,58.0
1002.jpg,5,620.0,269.53125,133.0
1002.jpg,5,588.75,243.1640625,3123.0
1005.jpg,5,299.375,362.6953125,733.0
1005.jpg,5,203.125,382.03125,874.0
1005.jpg,5,438.125,370.3125,1807.0
1006.jpg,5,289.375,386.1328125,242.0
1006.jpg,5,278.75,329.8828125,250.0
1006.jpg,5,270.0,266.6015625,550.0
1006.jpg,5,643.75,221.484375,525.0
1006.jpg,5,210.0,292.96875,233.0
1006.jpg,5,250.625,283.59375,341.0
1007.jpg,5,219.375,445.3125,233.0
1007.jpg,5,203.75,468.1640625,308.0
1007.jpg,5,254.375,375.5859375,217.0
1007.jpg,5,280.625,502.734375,183.0
1007.jpg,5,260.625,515.625,233.0
1007.jpg,5,201.875,458.203125,200.0
1007.jpg,5,591.875,380.2734375,341.0
1007.jpg,5,330.0,345.703125,341.0
1007.jpg,5,245.625,331.0546875,158.0
1007.jpg,5,200.625,476.953125,233.0
1007.jpg,5,278.125,489.84375,291.0
1009.jpg,5,497.5,250.78125,225.0
1009.jpg,5,528.125,245.5078125,283.0
1009.jpg,5,552.5,238.4765625,291.0
1009.jpg,5,573.75,204.4921875,341.0
1009.jpg,5,573.125,178.125,283.0
1009.jpg,5,540.625,230.859375,441.0
1009.jpg,5,521.875,243.1640625,391.0
1009.jpg,5,358.125,388.4765625,733.0
1010.jpg,5,413.75,383.7890625,225.0
1010.jpg,5,145.625,423.6328125,699.0
1010.jpg,5,428.125,423.046875,308.0
1010.jpg,5,698.125,425.390625,366.0
1010.jpg,5,698.125,377.9296875,366.0
1010.jpg,5,408.75,398.4375,566.0
1010.jpg,5,113.125,274.8046875,358.0
1011.jpg,5,305.0,347.4609375,275.0
1011.jpg,5,211.25,291.2109375,358.0
1011.jpg,5,218.125,373.2421875,758.0
1011.jpg,5,232.5,270.1171875,208.0
1011.jpg,5,558.125,240.234375,408.0
1011.jpg,5,681.25,431.8359375,699.0
1011.jpg,5,350.625,411.328125,400.0
1013.jpg,5,356.25,357.421875,208.0
1013.jpg,5,530.0,278.90625,225.0
1013.jpg,5,655.625,272.4609375,416.0
1013.jpg,5,727.5,301.7578125,450.0
1013.jpg,5,373.125,365.0390625,549.0
1013.jpg,5,345.625,380.859375,708.0
1018.jpg,5,288.75,424.8046875,291.0
1018.jpg,5,149.375,311.71875,166.0
1018.jpg,5,117.5,258.3984375,824.0
1018.jpg,5,460.0,362.6953125,283.0
1018.jpg,5,500.625,398.4375,266.0
1018.jpg,5,541.25,370.3125,233.0
1018.jpg,5,255.0,414.84375,616.0
1046.jpg,5,513.75,342.1875,433.0
1046.jpg,5,455.625,532.6171875,458.0
1046.jpg,5,166.875,387.890625,241.0
1046.jpg,5,138.75,333.3984375,266.0
1046.jpg,5,132.5,288.28125,158.0
1046.jpg,5,288.125,424.21875,391.0
1046.jpg,5,144.375,379.6875,191.0
1046.jpg,5,136.25,325.78125,250.0
1046.jpg,5,132.5,251.953125,283.0
1048.jpg,5,301.875,432.421875,308.0
1048.jpg,5,286.875,472.8515625,308.0
1048.jpg,5,323.125,470.5078125,341.0
1048.jpg,5,309.375,424.8046875,258.0
1048.jpg,5,311.875,300.5859375,358.0
1048.jpg,5,313.125,245.5078125,441.0
1048.jpg,5,289.375,404.8828125,599.0
1050.jpg,5,345.0,335.7421875,175.0
1050.jpg,5,100.625,410.7421875,250.0
1050.jpg,5,86.25,359.765625,233.0
1050.jpg,5,91.25,315.8203125,366.0
1050.jpg,5,374.375,309.9609375,400.0
1050.jpg,5,617.5,237.890625,1141.0
1090.jpg,5,349.375,437.6953125,42.0
1090.jpg,5,377.5,484.5703125,358.0
1090.jpg,5,121.25,350.9765625,217.0
1090.jpg,5,126.875,295.3125,316.0
1090.jpg,5,135.0,314.0625,92.0
1090.jpg,5,110.0,301.171875,192.0
1090.jpg,5,376.25,457.03125,266.0
1090.jpg,5,368.125,485.7421875,866.0
1091.jpg,5,210.625,367.3828125,266.0
1091.jpg,5,194.375,384.9609375,200.0
1091.jpg,5,582.5,380.2734375,275.0
1091.jpg,5,608.75,288.28125,383.0
1091.jpg,5,624.375,257.2265625,300.0
1091.jpg,5,648.125,375.0,400.0
1091.jpg,5,206.25,114.2578125,400.0
1091.jpg,5,213.75,246.09375,275.0
1091.jpg,5,190.0,319.921875,350.0
1094.jpg,5,331.875,389.0625,3323.0
1095.jpg,5,398.125,430.078125,350.0
1095.jpg,5,438.125,386.71875,125.0
1095.jpg,5,403.75,337.5,250.0
1095.jpg,5,302.5,273.046875,2149.0
1096.jpg,5,310.625,309.9609375,216.0
1096.jpg,5,461.25,450.0,874.0
1096.jpg,5,302.5,319.3359375,2707.0
1098.jpg,5,465.625,263.671875,316.0
1098.jpg,5,485.0,273.6328125,391.0
1098.jpg,5,506.875,225.0,133.0
1098.jpg,5,493.75,324.609375,58.0
1098.jpg,5,494.375,283.59375,192.0
1098.jpg,5,594.375,260.15625,774.0
1098.jpg,5,271.25,227.9296875,242.0
1099.jpg,5,388.75,289.453125,8.0
1099.jpg,5,551.25,250.1953125,17.0
1099.jpg,5,500.0,87.890625,508.0
1099.jpg,5,233.125,66.2109375,358.0
1099.jpg,5,237.5,90.234375,117.0
1099.jpg,5,137.5,428.3203125,416.0
1099.jpg,5,255.625,417.1875,225.0
1099.jpg,5,136.875,456.4453125,358.0
1099.jpg,5,383.75,448.2421875,400.0
1103.jpg,5,341.875,475.78125,283.0
1103.jpg,5,365.625,489.2578125,158.0
1103.jpg,5,371.25,478.7109375,450.0
1103.jpg,5,377.5,394.3359375,325.0
1103.jpg,5,427.5,356.8359375,366.0
1103.jpg,5,340.0,376.7578125,991.0
1104.jpg,5,595.0,320.5078125,341.0
1104.jpg,5,283.75,228.515625,291.0
1104.jpg,5,175.625,181.640625,191.0
1104.jpg,5,153.75,180.46875,291.0
1104.jpg,5,443.75,268.9453125,233.0
1104.jpg,5,440.625,364.453125,841.0
1104.jpg,5,255.0,221.484375,308.0
1104.jpg,5,412.5,222.0703125,633.0
1107.jpg,5,270.0,340.4296875,433.0
1107.jpg,5,640.625,373.828125,3390.0
1108.jpg,5,355.625,331.640625,291.0
1108.jpg,5,278.125,458.203125,308.0
1108.jpg,5,292.5,439.453125,83.0
1108.jpg,5,266.875,433.59375,58.0
1108.jpg,5,305.625,251.953125,258.0
1108.jpg,5,301.25,215.625,116.0
1108.jpg,5,488.125,201.5625,75.0
1108.jpg,5,496.875,178.125,233.0
1108.jpg,5,306.25,427.1484375,208.0
1108.jpg,5,300.0,459.375,491.0
1108.jpg,5,361.25,353.90625,175.0
1108.jpg,5,293.75,445.3125,59.0
1108.jpg,5,298.125,424.8046875,67.0
1111.jpg,5,383.75,310.546875,242.0
1111.jpg,5,603.125,485.15625,400.0
1111.jpg,5,578.125,346.2890625,250.0
1111.jpg,5,572.5,314.0625,166.0
1111.jpg,5,607.5,474.0234375,416.0
1111.jpg,5,576.875,359.765625,75.0
1111.jpg,5,570.0,323.4375,108.0
1111.jpg,5,581.875,291.2109375,150.0
1111.jpg,5,380.0,195.1171875,75.0
1111.jpg,5,383.125,250.78125,75.0
1111.jpg,5,371.875,186.328125,266.0
1111.jpg,5,435.625,129.4921875,308.0
1111.jpg,5,445.625,79.6875,583.0
1112.jpg,5,386.25,318.75,50.0
1112.jpg,5,473.75,516.796875,133.0
1112.jpg,5,496.25,539.6484375,1432.0
1112.jpg,5,670.625,209.765625,225.0
1112.jpg,5,598.75,200.390625,283.0
1112.jpg,5,790.625,491.015625,150.0
1112.jpg,5,795.0,465.8203125,75.0
1112.jpg,5,786.25,503.90625,575.0
1113.jpg,5,481.875,346.875,50.0
1113.jpg,5,246.875,546.6796875,133.0
1113.jpg,5,142.5,567.7734375,125.0
1113.jpg,5,337.5,239.6484375,133.0
1113.jpg,5,162.5,207.421875,208.0
1113.jpg,5,555.625,168.75,125.0
1113.jpg,5,575.625,145.3125,150.0
1113.jpg,5,594.375,101.953125,350.0
1113.jpg,5,446.875,124.8046875,342.0
1113.jpg,5,431.25,108.984375,316.0
1118.jpg,5,508.75,227.9296875,466.0
1118.jpg,5,580.625,199.8046875,367.0
1118.jpg,5,323.125,218.5546875,100.0
1118.jpg,5,283.75,255.46875,192.0
1118.jpg,5,381.25,198.046875,133.0
1118.jpg,5,371.875,164.6484375,158.0
1118.jpg,5,368.75,186.328125,17.0
1119.jpg,5,306.875,453.515625,949.0
1119.jpg,5,623.125,366.796875,658.0
1119.jpg,5,491.25,447.0703125,666.0
1119.jpg,5,401.25,128.90625,258.0
1119.jpg,5,434.375,121.875,350.0
1121.jpg,5,529.375,406.0546875,175.0
1121.jpg,5,652.5,432.421875,300.0
1121.jpg,5,371.875,479.296875,300.0
1121.jpg,5,71.875,424.8046875,699.0
1121.jpg,5,75.0,348.046875,275.0
1121.jpg,5,672.5,416.6015625,208.0
1121.jpg,5,655.625,434.765625,533.0
1121.jpg,5,306.25,465.234375,291.0
1125.jpg,5,325.625,375.0,833.0
1125.jpg,5,356.875,302.34375,491.0
1125.jpg,5,318.125,282.421875,191.0
1125.jpg,5,588.125,170.5078125,575.0
1125.jpg,5,435.625,372.65625,341.0
1125.jpg,5,327.5,377.9296875,216.0
1125.jpg,5,108.125,161.1328125,308.0
1127.jpg,5,433.75,142.96875,566.0
1127.jpg,5,625.0,191.015625,167.0
1127.jpg,5,681.875,192.1875,325.0
1127.jpg,5,363.75,380.2734375,466.0
1127.jpg,5,395.0,397.265625,341.0
1127.jpg,5,385.0,140.625,350.0
1127.jpg,5,151.25,232.6171875,466.0
1128.jpg,5,415.625,322.8515625,550.0
1128.jpg,5,216.875,401.3671875,308.0
1128.jpg,5,220.625,336.328125,241.0
1128.jpg,5,258.125,208.0078125,200.0
1128.jpg,5,233.125,220.3125,233.0
1128.jpg,5,251.875,175.1953125,633.0
1128.jpg,5,218.125,173.4375,366.0
1129.jpg,5,453.125,342.7734375,208.0
1129.jpg,5,195.0,255.46875,258.0
1129.jpg,5,172.5,222.65625,666.0
1129.jpg,5,206.875,237.3046875,641.0
1129.jpg,5,464.375,344.53125,308.0
1129.jpg,5,435.625,366.796875,375.0
1132.jpg,5,513.75,393.75,400.0
1132.jpg,5,580.625,297.65625,833.0
1132.jpg,5,153.75,413.671875,266.0
1132.jpg,5,126.25,429.4921875,316.0
1132.jpg,5,520.625,424.21875,899.0
1132.jpg,5,638.125,282.421875,83.0
1139.jpg,5,431.25,348.6328125,300.0
1139.jpg,5,454.375,373.828125,658.0
1139.jpg,5,437.5,219.7265625,350.0
1139.jpg,5,436.25,290.0390625,175.0
1139.jpg,5,430.0,338.671875,208.0
1139.jpg,5,447.5,368.5546875,708.0
1139.jpg,5,468.125,326.3671875,108.0
1139.jpg,5,431.25,198.046875,541.0
1143.jpg,5,500.0,272.4609375,175.0
1143.jpg,5,299.375,279.4921875,200.0
1143.jpg,5,521.25,418.359375,1099.0
1143.jpg,5,372.5,509.1796875,425.0
1143.jpg,5,388.125,313.4765625,250.0
1143.jpg,5,501.25,250.78125,616.0
1149.jpg,5,479.375,247.8515625,383.0
1149.jpg,5,635.0,377.9296875,275.0
1149.jpg,5,259.375,410.15625,166.0
1149.jpg,5,302.5,402.5390625,125.0
1149.jpg,5,392.5,383.203125,242.0
1149.jpg,5,251.875,298.2421875,558.0
1149.jpg,5,279.375,277.1484375,192.0
1150.jpg,5,363.125,391.9921875,183.0
1150.jpg,5,525.625,462.3046875,183.0
1150.jpg,5,404.375,159.375,458.0
1150.jpg,5,213.125,141.2109375,375.0
1150.jpg,5,471.25,100.78125,558.0
1150.jpg,5,351.25,161.1328125,358.0
1150.jpg,5,183.75,280.6640625,333.0
1150.jpg,5,386.25,430.078125,216.0
1150.jpg,5,548.75,468.1640625,491.0
1213.jpg,5,425.0,376.7578125,341.0
1213.jpg,5,263.75,536.1328125,433.0
1213.jpg,5,400.625,316.9921875,133.0
1213.jpg,5,386.875,292.3828125,4189.0
1214.jpg,5,281.875,377.9296875,8.0
1214.jpg,5,318.125,366.796875,108.0
1214.jpg,5,306.25,313.4765625,1757.0
1214.jpg,5,400.625,192.1875,1374.0
1215.jpg,5,570.625,389.6484375,600.0
1215.jpg,5,527.5,380.859375,433.0
1215.jpg,5,111.875,243.75,158.0
1215.jpg,5,143.125,241.40625,225.0
1215.jpg,5,390.0,281.8359375,167.0
1215.jpg,5,396.875,316.40625,58.0
1215.jpg,5,392.5,288.28125,191.0
1215.jpg,5,535.625,369.140625,633.0
1215.jpg,5,562.5,366.2109375,292.0
1216.jpg,5,396.875,309.375,108.0
1216.jpg,5,380.625,283.59375,92.0
1216.jpg,5,374.375,247.265625,100.0
1216.jpg,5,395.0,274.21875,50.0
1216.jpg,5,367.5,246.09375,100.0
1216.jpg,5,420.0,280.078125,58.0
1216.jpg,5,454.375,358.0078125,91.0
1216.jpg,5,448.125,275.9765625,84.0
1216.jpg,5,454.375,301.7578125,258.0
1216.jpg,5,436.25,272.4609375,300.0
1216.jpg,5,363.125,275.390625,108.0
1216.jpg,5,366.25,303.515625,58.0
1216.jpg,5,357.5,277.1484375,150.0
1216.jpg,5,368.125,258.3984375,166.0
1216.jpg,5,164.375,256.0546875,375.0
1217.jpg,5,398.125,329.8828125,58.0
1217.jpg,5,626.875,466.40625,350.0
1217.jpg,5,275.0,489.2578125,292.0
1217.jpg,5,281.875,536.71875,258.0
1217.jpg,5,84.375,520.3125,308.0
1217.jpg,5,617.5,499.21875,208.0
1217.jpg,5,640.0,470.5078125,341.0
1217.jpg,5,215.625,240.8203125,366.0
1217.jpg,5,223.75,297.0703125,208.0
1217.jpg,5,186.25,260.7421875,175.0
1218.jpg,5,343.75,388.4765625,366.0
1218.jpg,5,536.875,391.40625,291.0
1218.jpg,5,666.875,421.2890625,483.0
1218.jpg,5,532.5,384.9609375,383.0
1218.jpg,5,45.0,326.953125,175.0
1218.jpg,5,63.125,311.71875,566.0
1218.jpg,5,293.125,241.40625,300.0
1219.jpg,5,365.0,261.9140625,458.0
1219.jpg,5,358.75,171.6796875,158.0
1219.jpg,5,356.25,214.453125,75.0
1219.jpg,5,360.625,166.9921875,83.0
1219.jpg,5,374.375,149.4140625,358.0
1219.jpg,5,370.0,311.71875,666.0
1219.jpg,5,483.125,346.875,292.0
1219.jpg,5,488.125,295.3125,649.0
1220.jpg,5,389.375,271.2890625,258.0
1220.jpg,5,587.5,263.0859375,358.0
1220.jpg,5,703.125,308.203125,291.0
1220.jpg,5,223.75,395.5078125,641.0
1220.jpg,5,496.875,271.2890625,325.0
1220.jpg,5,567.5,230.859375,741.0
1220.jpg,5,566.875,256.0546875,50.0
1221.jpg,5,520.625,478.125,100.0
1221.jpg,5,521.875,440.625,183.0
1221.jpg,5,544.375,403.125,175.0
1221.jpg,5,484.375,406.0546875,308.0
1221.jpg,5,530.0,401.3671875,341.0
1221.jpg,5,563.125,459.375,608.0
1221.jpg,5,616.875,65.625,458.0
1221.jpg,5,553.75,103.125,658.0
1223.jpg,5,177.5,328.7109375,125.0
1223.jpg,5,573.75,447.0703125,583.0
1223.jpg,5,448.75,215.625,292.0
1223.jpg,5,396.25,189.84375,400.0
1223.jpg,5,205.625,339.84375,242.0
1223.jpg,5,386.875,384.9609375,1241.0
1228.jpg,5,524.375,360.3515625,133.0
1228.jpg,5,233.125,479.8828125,366.0
1228.jpg,5,244.375,414.2578125,458.0
1228.jpg,5,248.75,389.0625,708.0
1228.jpg,5,230.0,517.3828125,400.0
1228.jpg,5,541.875,358.59375,525.0
1228.jpg,5,324.375,287.6953125,292.0
1229.jpg,5,286.875,317.578125,242.0
1229.jpg,5,265.0,418.9453125,408.0
1229.jpg,5,243.75,450.0,441.0
1229.jpg,5,331.25,459.375,1041.0
1229.jpg,5,310.0,448.2421875,342.0
1229.jpg,5,181.875,264.2578125,325.0
1231.jpg,5,329.375,311.1328125,175.0
1231.jpg,5,198.75,366.2109375,258.0
1231.jpg,5,129.375,356.25,416.0
1231.jpg,5,403.125,183.984375,525.0
1231.jpg,5,500.0,200.9765625,1316.0
1234.jpg,5,376.25,371.484375,242.0
1234.jpg,5,479.375,253.7109375,316.0
1234.jpg,5,475.625,222.65625,316.0
1234.jpg,5,191.25,382.6171875,583.0
1234.jpg,5,478.125,263.0859375,425.0
1234.jpg,5,459.375,151.7578125,816.0
1234.jpg,5,475.625,233.203125,450.0
1236.jpg,5,286.875,420.703125,566.0
1236.jpg,5,420.625,100.1953125,791.0
1236.jpg,5,401.25,157.6171875,233.0
1236.jpg,5,286.25,508.0078125,175.0
1236.jpg,5,293.125,423.6328125,117.0
1236.jpg,5,303.125,493.359375,1241.0
1237.jpg,5,586.875,424.8046875,233.0
1237.jpg,5,611.875,396.09375,200.0
1237.jpg,5,581.875,397.8515625,691.0
1237.jpg,5,220.625,209.1796875,225.0
1237.jpg,5,216.25,178.125,191.0
1237.jpg,5,241.875,109.5703125,866.0
1237.jpg,5,591.25,439.453125,100.0
1237.jpg,5,583.125,394.3359375,366.0
1239.jpg,5,387.5,309.375,433.0
1239.jpg,5,376.875,302.34375,225.0
1239.jpg,5,291.875,280.6640625,508.0
1239.jpg,5,428.75,318.1640625,366.0
1239.jpg,5,383.75,291.2109375,341.0
1239.jpg,5,671.875,431.8359375,233.0
1239.jpg,5,690.625,491.015625,308.0
1239.jpg,5,318.75,387.890625,242.0
1239.jpg,5,165.625,389.0625,191.0
1240.jpg,5,586.25,427.734375,558.0
1240.jpg,5,298.75,230.2734375,633.0
1240.jpg,5,388.125,185.7421875,233.0
1240.jpg,5,534.375,362.6953125,350.0
1240.jpg,5,380.625,317.578125,1141.0
1244.jpg,5,502.5,373.828125,208.0
1244.jpg,5,556.25,322.8515625,575.0
1244.jpg,5,616.25,437.109375,283.0
1244.jpg,5,541.25,416.6015625,250.0
1244.jpg,5,141.25,324.0234375,358.0
1244.jpg,5,313.75,142.96875,283.0
1244.jpg,5,93.125,117.7734375,325.0
1244.jpg,5,500.625,170.5078125,58.0
1244.jpg,5,485.0,128.3203125,200.0
1244.jpg,5,526.875,229.6875,316.0
1246.jpg,5,230.625,288.28125,242.0
1246.jpg,5,378.75,324.0234375,266.0
1246.jpg,5,348.125,332.8125,300.0
1246.jpg,5,418.125,226.7578125,341.0
1246.jpg,5,448.125,343.359375,216.0
1246.jpg,5,616.25,337.5,441.0
1246.jpg,5,158.125,279.4921875,375.0
1246.jpg,5,476.875,485.7421875,225.0
1246.jpg,5,421.875,316.9921875,250.0
1249.jpg,5,154.375,303.515625,591.0
1249.jpg,5,140.0,206.8359375,258.0
1249.jpg,5,361.875,312.3046875,400.0
1249.jpg,5,161.25,241.9921875,475.0
1249.jpg,5,128.75,175.1953125,342.0
1249.jpg,5,157.5,151.171875,308.0
1249.jpg,5,265.0,195.1171875,216.0
1256.jpg,5,393.125,284.765625,166.0
1256.jpg,5,665.625,309.9609375,325.0
1256.jpg,5,665.0,357.421875,208.0
1256.jpg,5,359.375,307.03125,275.0
1256.jpg,5,375.0,237.890625,233.0
1256.jpg,5,166.25,150.0,342.0
1256.jpg,5,270.0,201.5625,192.0
1256.jpg,5,482.5,199.8046875,316.0
1256.jpg,5,340.625,233.7890625,233.0
1256.jpg,5,402.5,412.5,166.0
1256.jpg,5,387.5,527.34375,191.0
1259.jpg,5,438.75,391.9921875,150.0
1259.jpg,5,465.0,449.4140625,550.0
1259.jpg,5,196.25,251.953125,658.0
1259.jpg,5,218.75,328.7109375,233.0
1259.jpg,5,262.5,347.4609375,167.0
1259.jpg,5,471.875,427.734375,450.0
1259.jpg,5,458.125,438.8671875,691.0
1260.jpg,5,310.625,367.96875,183.0
1260.jpg,5,305.625,398.4375,91.0
1260.jpg,5,501.875,408.984375,391.0
1260.jpg,5,178.125,428.90625,316.0
1260.jpg,5,672.5,432.421875,599.0
1260.jpg,5,303.75,137.109375,491.0
1260.jpg,5,427.5,285.9375,183.0
1261.jpg,5,421.875,412.5,208.0
1261.jpg,5,488.125,375.5859375,575.0
1261.jpg,5,435.625,410.15625,2373.0
1265.jpg,5,461.25,493.359375,433.0
1265.jpg,5,453.75,525.5859375,333.0
1265.jpg,5,545.625,521.484375,441.0
1265.jpg,5,493.75,498.6328125,208.0
1265.jpg,5,453.75,461.1328125,225.0
1265.jpg,5,585.625,454.1015625,242.0
1265.jpg,5,385.625,371.484375,217.0
1265.jpg,5,217.5,125.9765625,217.0
1265.jpg,5,247.5,80.2734375,258.0
1267.jpg,5,212.5,367.3828125,183.0
1267.jpg,5,70.0,434.765625,308.0
1267.jpg,5,46.25,434.765625,291.0
1267.jpg,5,55.625,336.328125,316.0
1267.jpg,5,232.5,338.671875,192.0
1267.jpg,5,425.0,303.515625,391.0
1267.jpg,5,331.875,191.015625,275.0
1267.jpg,5,116.875,125.390625,308.0
1267.jpg,5,119.375,73.2421875,266.0
1321.jpg,5,410.625,318.1640625,266.0
1321.jpg,5,386.875,488.0859375,191.0
1321.jpg,5,419.375,541.9921875,308.0
1321.jpg,5,551.25,400.1953125,250.0
1321.jpg,5,468.125,295.3125,683.0
1321.jpg,5,521.875,251.3671875,167.0
1321.jpg,5,145.0,314.0625,275.0
1321.jpg,5,102.5,322.8515625,300.0
1321.jpg,5,360.625,449.4140625,383.0
1321.jpg,5,320.0,381.4453125,100.0
1323.jpg,5,126.875,201.5625,266.0
1323.jpg,5,382.5,350.9765625,308.0
1323.jpg,5,633.125,327.5390625,450.0
1323.jpg,5,603.125,317.578125,50.0
1323.jpg,5,355.625,342.7734375,483.0
1323.jpg,5,370.625,359.1796875,1307.0
1327.jpg,5,387.5,311.1328125,8.0
1327.jpg,5,501.875,441.2109375,375.0
1327.jpg,5,550.0,287.6953125,83.0
1327.jpg,5,502.5,425.390625,117.0
1327.jpg,5,498.125,454.6875,108.0
1327.jpg,5,256.875,346.875,433.0
1327.jpg,5,318.125,370.3125,583.0
1327.jpg,5,411.875,150.0,308.0
1327.jpg,5,443.75,128.3203125,183.0
1327.jpg,5,500.0,444.140625,608.0
1329.jpg,5,394.375,349.8046875,100.0
1329.jpg,5,430.0,374.4140625,133.0
1329.jpg,5,136.25,435.3515625,608.0
1329.jpg,5,598.75,459.375,141.0
1329.jpg,5,630.625,466.40625,250.0
1329.jpg,5,664.375,515.0390625,425.0
1329.jpg,5,628.75,362.6953125,458.0
1329.jpg,5,224.375,365.0390625,225.0
1329.jpg,5,165.625,301.171875,250.0
1329.jpg,5,140.625,457.03125,624.0
1331.jpg,5,487.5,275.9765625,167.0
1331.jpg,5,499.375,254.296875,358.0
1331.jpg,5,386.875,354.4921875,67.0
1331.jpg,5,387.5,382.6171875,75.0
1331.jpg,5,384.375,356.8359375,433.0
1331.jpg,5,501.875,241.40625,491.0
1331.jpg,5,519.375,142.3828125,758.0
1331.jpg,5,523.75,116.015625,33.0
1331.jpg,5,488.75,157.03125,258.0
1333.jpg,5,391.875,275.9765625,175.0
1333.jpg,5,355.625,271.875,291.0
1333.jpg,5,513.125,284.1796875,350.0
1333.jpg,5,519.375,183.3984375,266.0
1333.jpg,5,373.125,251.3671875,625.0
1333.jpg,5,492.5,280.6640625,92.0
1333.jpg,5,321.25,295.3125,141.0
1333.jpg,5,346.25,246.6796875,466.0
1334.jpg,5,378.75,258.3984375,591.0
1334.jpg,5,548.125,252.5390625,458.0
1334.jpg,5,341.875,150.0,108.0
1334.jpg,5,231.875,170.5078125,200.0
1334.jpg,5,251.875,180.46875,408.0
1334.jpg,5,451.875,391.40625,475.0
1334.jpg,5,474.375,317.578125,591.0
1335.jpg,5,472.5,351.5625,508.0
1335.jpg,5,250.625,423.046875,191.0
1335.jpg,5,274.375,414.2578125,208.0
1335.jpg,5,283.125,168.75,391.0
1335.jpg,5,281.875,135.3515625,816.0
1335.jpg,5,495.0,120.703125,808.0
1336.jpg,5,507.5,375.0,316.0
1336.jpg,5,509.375,406.0546875,225.0
1336.jpg,5,58.75,433.59375,92.0
1336.jpg,5,88.75,430.6640625,358.0
1336.jpg,5,56.875,270.703125,316.0
1336.jpg,5,105.625,193.9453125,316.0
1336.jpg,5,82.5,258.3984375,400.0
1336.jpg,5,405.625,250.78125,166.0
1336.jpg,5,401.25,352.734375,67.0
1336.jpg,5,400.625,384.9609375,67.0
1336.jpg,5,401.875,347.4609375,1541.0
1339.jpg,5,449.375,360.3515625,375.0
1339.jpg,5,242.5,359.1796875,216.0
1339.jpg,5,210.625,214.453125,158.0
1339.jpg,5,235.625,154.6875,633.0
1339.jpg,5,431.875,406.0546875,92.0
1339.jpg,5,416.875,365.625,75.0
1339.jpg,5,332.5,362.6953125,75.0
1341.jpg,5,455.0,367.96875,166.0
1341.jpg,5,468.75,413.0859375,525.0
1341.jpg,5,348.125,438.28125,333.0
1341.jpg,5,231.875,400.1953125,350.0
1341.jpg,5,173.75,526.171875,358.0
1341.jpg,5,509.375,528.515625,308.0
1341.jpg,5,477.5,505.6640625,425.0
1341.jpg,5,467.5,478.7109375,50.0
1342.jpg,5,386.25,237.3046875,250.0
1342.jpg,5,366.25,127.734375,358.0
1342.jpg,5,570.0,335.7421875,200.0
1342.jpg,5,588.75,382.6171875,167.0
1342.jpg,5,621.25,450.0,841.0
1342.jpg,5,650.0,526.7578125,833.0
1343.jpg,5,445.0,430.078125,125.0
1343.jpg,5,656.875,324.0234375,183.0
1343.jpg,5,625.625,333.3984375,92.0
1343.jpg,5,632.5,355.078125,75.0
1343.jpg,5,271.25,365.0390625,824.0
1343.jpg,5,643.75,333.3984375,83.0
1343.jpg,5,620.0,319.921875,366.0
1343.jpg,5,633.125,291.796875,125.0
1344.jpg,5,198.75,358.59375,333.0
1344.jpg,5,276.875,296.484375,150.0
1344.jpg,5,579.375,205.6640625,824.0
1344.jpg,5,237.5,161.71875,708.0
1344.jpg,5,98.75,282.421875,283.0
1344.jpg,5,172.5,301.7578125,208.0
1345.jpg,5,516.875,230.859375,175.0
1345.jpg,5,548.125,221.484375,341.0
1345.jpg,5,260.0,160.546875,316.0
1345.jpg,5,147.5,200.9765625,233.0
1345.jpg,5,139.375,468.1640625,833.0
1345.jpg,5,200.625,396.09375,208.0
1345.jpg,5,228.75,354.4921875,166.0
1345.jpg,5,545.625,225.5859375,550.0
1347.jpg,5,413.125,281.25,242.0
1347.jpg,5,216.25,151.7578125,58.0
1347.jpg,5,224.375,131.25,200.0
1347.jpg,5,509.375,415.4296875,75.0
1347.jpg,5,501.875,389.6484375,341.0
1347.jpg,5,515.625,366.2109375,166.0
1347.jpg,5,236.25,171.6796875,666.0
1347.jpg,5,521.25,391.40625,441.0
1349.jpg,5,308.75,278.3203125,233.0
1349.jpg,5,224.375,267.1875,283.0
1349.jpg,5,152.5,234.9609375,466.0
1349.jpg,5,305.0,271.2890625,225.0
1349.jpg,5,283.125,256.0546875,666.0
1349.jpg,5,322.5,251.953125,533.0
1349.jpg,5,351.25,268.9453125,383.0
1351.jpg,5,194.375,401.3671875,391.0
1351.jpg,5,338.75,255.46875,217.0
1351.jpg,5,358.125,237.3046875,300.0
1351.jpg,5,292.5,230.2734375,300.0
1351.jpg,5,239.375,235.546875,491.0
1351.jpg,5,466.25,181.0546875,608.0
1351.jpg,5,468.125,250.78125,183.0
1351.jpg,5,225.625,442.3828125,291.0
1352.jpg,5,417.5,359.765625,400.0
1352.jpg,5,426.25,379.1015625,300.0
1352.jpg,5,435.0,168.75,941.0
1352.jpg,5,451.875,142.3828125,50.0
1352.jpg,5,218.75,137.6953125,141.0
1352.jpg,5,235.0,106.640625,133.0
1352.jpg,5,255.0,93.75,50.0
1352.jpg,5,233.75,107.2265625,50.0
1352.jpg,5,416.875,352.1484375,708.0
1355.jpg,5,473.125,389.0625,175.0
1355.jpg,5,568.125,442.3828125,225.0
1355.jpg,5,144.375,440.625,291.0
1355.jpg,5,141.875,365.0390625,142.0
1355.jpg,5,126.25,328.7109375,516.0
1355.jpg,5,358.125,261.328125,283.0
1355.jpg,5,517.5,204.4921875,250.0
1355.jpg,5,712.5,185.15625,475.0
1355.jpg,5,566.25,407.8125,275.0
1355.jpg,5,584.375,429.4921875,358.0
1356.jpg,5,511.25,417.1875,400.0
1356.jpg,5,425.0,319.921875,75.0
1356.jpg,5,428.75,343.359375,67.0
1356.jpg,5,403.75,302.9296875,500.0
1356.jpg,5,410.0,258.3984375,1074.0
1356.jpg,5,408.125,314.6484375,441.0
1360.jpg,5,240.625,463.4765625,541.0
1360.jpg,5,415.0,283.0078125,516.0
1360.jpg,5,427.5,235.546875,400.0
1360.jpg,5,509.375,230.859375,675.0
1360.jpg,5,375.0,255.46875,291.0
1361.jpg,5,241.25,414.2578125,175.0
1361.jpg,5,96.875,380.859375,208.0
1361.jpg,5,63.125,336.9140625,350.0
1361.jpg,5,224.375,479.8828125,566.0
1361.jpg,5,543.125,273.046875,225.0
1361.jpg,5,730.0,118.359375,733.0
1361.jpg,5,767.5,103.125,341.0
1361.jpg,5,99.375,314.6484375,266.0
1362.jpg,5,367.5,267.7734375,400.0
1362.jpg,5,652.5,150.5859375,191.0
1362.jpg,5,681.875,134.765625,741.0
1362.jpg,5,338.125,230.2734375,1016.0
1429.jpg,5,210.625,391.9921875,166.0
1429.jpg,5,299.375,344.53125,283.0
1429.jpg,5,311.25,301.7578125,183.0
1429.jpg,5,678.75,435.3515625,516.0
1429.jpg,5,376.875,536.1328125,258.0
1429.jpg,5,390.0,566.6015625,241.0
1429.jpg,5,154.375,448.828125,158.0
1429.jpg,5,205.0,417.7734375,433.0
1429.jpg,5,282.5,348.046875,291.0
1431.jpg,5,408.75,380.2734375,283.0
1431.jpg,5,407.5,337.5,400.0
1431.jpg,5,406.25,308.203125,358.0
1431.jpg,5,678.75,325.78125,225.0
1431.jpg,5,654.375,364.453125,191.0
1431.jpg,5,684.375,367.3828125,250.0
1431.jpg,5,396.875,412.5,258.0
1431.jpg,5,156.875,440.625,316.0
1431.jpg,5,255.0,76.171875,191.0
1431.jpg,5,366.875,52.734375,208.0
1431.jpg,5,402.5,63.28125,250.0
1432.jpg,5,368.125,366.2109375,8.0
1432.jpg,5,330.625,430.6640625,100.0
1432.jpg,5,453.75,322.8515625,408.0
1432.jpg,5,676.875,212.6953125,458.0
1432.jpg,5,470.0,312.890625,383.0
1432.jpg,5,360.0,379.1015625,475.0
1432.jpg,5,334.375,378.515625,408.0
1432.jpg,5,343.125,402.5390625,108.0
1432.jpg,5,352.5,376.171875,675.0
1435.jpg,5,206.25,436.5234375,491.0
1435.jpg,5,299.375,560.15625,708.0
1435.jpg,5,608.75,511.5234375,425.0
1435.jpg,5,665.0,501.5625,316.0
1435.jpg,5,540.0,393.1640625,250.0
1435.jpg,5,499.375,376.7578125,208.0
1435.jpg,5,208.125,426.5625,408.0
1436.jpg,5,389.375,326.3671875,116.0
1436.jpg,5,539.375,363.8671875,92.0
1436.jpg,5,530.625,329.296875,216.0
1436.jpg,5,347.5,295.3125,2265.0
1436.jpg,5,399.375,285.9375,75.0
1436.jpg,5,389.375,214.453125,58.0
1440.jpg,5,381.875,290.625,125.0
1440.jpg,5,315.625,312.3046875,175.0
1440.jpg,5,375.625,389.0625,292.0
1440.jpg,5,166.875,244.921875,583.0
1440.jpg,5,365.625,243.75,341.0
1440.jpg,5,386.25,255.46875,408.0
1440.jpg,5,374.375,356.8359375,58.0
1440.jpg,5,351.25,433.0078125,8.0
1440.jpg,5,368.75,380.2734375,499.0
1442.jpg,5,546.25,376.171875,425.0
1442.jpg,5,413.75,292.3828125,325.0
1442.jpg,5,430.625,263.671875,333.0
1442.jpg,5,557.5,351.5625,408.0
1442.jpg,5,645.0,212.109375,67.0
1442.jpg,5,546.875,314.6484375,142.0
1442.jpg,5,566.875,435.3515625,100.0
1442.jpg,5,552.5,367.96875,491.0
1442.jpg,5,527.5,369.140625,574.0
1444.jpg,5,411.25,438.8671875,158.0
1444.jpg,5,221.875,483.3984375,525.0
1444.jpg,5,416.25,447.0703125,283.0
1444.jpg,5,516.25,181.0546875,208.0
1444.jpg,5,520.0,222.0703125,350.0
1444.jpg,5,436.25,394.3359375,150.0
1444.jpg,5,412.5,430.078125,400.0
1444.jpg,5,405.0,404.8828125,924.0
1447.jpg,5,525.0,449.4140625,200.0
1447.jpg,5,563.125,454.6875,158.0
1447.jpg,5,561.875,426.5625,125.0
1447.jpg,5,426.25,491.6015625,283.0
1447.jpg,5,570.0,527.9296875,391.0
1447.jpg,5,536.875,495.703125,341.0
1447.jpg,5,558.75,423.046875,958.0
1447.jpg,5,555.0,549.0234375,275.0
1448.jpg,5,443.75,295.8984375,275.0
1448.jpg,5,479.375,309.9609375,33.0
1448.jpg,5,490.625,359.1796875,242.0
1448.jpg,5,433.125,162.890625,2032.0
1450.jpg,5,371.875,351.5625,333.0
1450.jpg,5,404.375,428.90625,475.0
1450.jpg,5,228.125,373.2421875,308.0
1450.jpg,5,223.75,324.609375,250.0
1450.jpg,5,236.25,294.7265625,283.0
1450.jpg,5,379.375,286.5234375,283.0
1450.jpg,5,376.875,220.3125,483.0
1450.jpg,5,393.125,401.3671875,275.0
1450.jpg,5,405.0,435.3515625,300.0
1455.jpg,5,244.375,366.796875,233.0
1455.jpg,5,438.75,141.2109375,433.0
1455.jpg,5,473.75,117.7734375,999.0
1455.jpg,5,431.25,128.3203125,491.0
1455.jpg,5,311.875,117.7734375,216.0
1455.jpg,5,100.625,259.5703125,250.0
1456.jpg,5,453.75,312.3046875,225.0
1456.jpg,5,504.375,292.96875,500.0
1456.jpg,5,400.0,321.09375,333.0
1456.jpg,5,593.75,189.84375,824.0
1456.jpg,5,324.375,216.2109375,250.0
1456.jpg,5,286.25,370.8984375,358.0
1459.jpg,5,223.125,505.6640625,42.0
1459.jpg,5,208.125,534.375,241.0
1459.jpg,5,497.5,373.828125,250.0
1459.jpg,5,532.5,344.53125,333.0
1459.jpg,5,224.375,324.609375,441.0
1459.jpg,5,202.5,468.1640625,67.0
1459.jpg,5,205.625,543.1640625,408.0
1459.jpg,5,472.5,445.3125,167.0
1459.jpg,5,512.5,387.3046875,175.0
1459.jpg,5,527.5,356.25,258.0
1460.jpg,5,383.75,394.921875,208.0
1460.jpg,5,392.5,473.4375,200.0
1460.jpg,5,406.875,511.5234375,167.0
1460.jpg,5,401.875,490.4296875,50.0
1460.jpg,5,255.625,342.7734375,366.0
1460.jpg,5,403.125,321.6796875,266.0
1460.jpg,5,263.125,220.8984375,308.0
1460.jpg,5,249.375,317.578125,216.0
1460.jpg,5,399.375,365.625,433.0
1460.jpg,5,403.125,338.0859375,241.0
1460.jpg,5,402.5,490.4296875,458.0
1461.jpg,5,198.75,399.0234375,383.0
1461.jpg,5,718.125,305.859375,408.0
1461.jpg,5,664.375,284.1796875,508.0
1461.jpg,5,517.5,192.7734375,233.0
1461.jpg,5,200.0,343.359375,175.0
1461.jpg,5,171.875,399.609375,242.0
1461.jpg,5,128.75,460.546875,275.0
1461.jpg,5,244.375,461.71875,200.0
1461.jpg,5,200.0,399.609375,258.0
1461.jpg,5,188.125,357.421875,216.0
1462.jpg,5,444.375,316.9921875,200.0
1462.jpg,5,618.125,228.515625,791.0
1462.jpg,5,439.375,249.0234375,575.0
1462.jpg,5,131.875,385.546875,308.0
1462.jpg,5,101.875,394.921875,541.0
1462.jpg,5,391.875,286.5234375,225.0
1462.jpg,5,433.125,253.125,525.0
1470.jpg,5,305.625,382.03125,258.0
1470.jpg,5,304.375,323.4375,225.0
1470.jpg,5,313.75,291.2109375,216.0
1470.jpg,5,323.75,262.5,158.0
1470.jpg,5,651.875,392.578125,308.0
1470.jpg,5,397.5,440.625,558.0
1470.jpg,5,453.125,452.9296875,158.0
1470.jpg,5,713.75,403.7109375,533.0
1470.jpg,5,588.125,546.09375,533.0
1471.jpg,5,580.625,225.0,441.0
1471.jpg,5,341.875,315.234375,333.0
1471.jpg,5,471.25,264.84375,625.0
1471.jpg,5,548.75,233.7890625,267.0
1471.jpg,5,371.875,281.25,666.0
1474.jpg,5,580.625,358.0078125,175.0
1474.jpg,5,608.125,408.984375,608.0
1474.jpg,5,235.625,308.7890625,225.0
1474.jpg,5,73.125,283.59375,208.0
1474.jpg,5,48.75,267.1875,525.0
1474.jpg,5,91.875,264.84375,358.0
1474.jpg,5,388.125,309.9609375,1849.0
1475.jpg,5,311.875,397.8515625,250.0
1475.jpg,5,393.75,372.65625,550.0
1475.jpg,5,490.625,348.6328125,225.0
1475.jpg,5,673.125,447.65625,450.0
1475.jpg,5,367.5,413.0859375,341.0
1475.jpg,5,330.0,391.40625,416.0
1475.jpg,5,357.5,298.2421875,216.0
1475.jpg,5,310.0,349.8046875,408.0
1527.jpg,5,368.75,325.1953125,8.0
1527.jpg,5,283.75,420.1171875,8.0
1527.jpg,5,297.5,406.0546875,300.0
1527.jpg,5,285.625,222.65625,366.0
1527.jpg,5,336.25,412.5,350.0
1527.jpg,5,291.875,404.8828125,92.0
1527.jpg,5,385.625,188.671875,491.0
1527.jpg,5,398.125,161.71875,350.0
1527.jpg,5,280.0,225.0,483.0
1527.jpg,5,309.375,330.46875,233.0
1537.jpg,5,318.125,421.875,133.0
1537.jpg,5,506.875,508.59375,200.0
1537.jpg,5,538.75,581.8359375,416.0
1537.jpg,5,204.375,478.125,316.0
1537.jpg,5,343.125,438.28125,208.0
1537.jpg,5,335.625,414.2578125,400.0
1537.jpg,5,337.5,390.234375,283.0
1537.jpg,5,335.625,425.9765625,1041.0
1539.jpg,5,333.125,341.015625,441.0
1539.jpg,5,650.0,441.2109375,333.0
1539.jpg,5,673.125,414.84375,216.0
1539.jpg,5,666.25,379.1015625,216.0
1539.jpg,5,343.75,343.359375,483.0
1539.jpg,5,503.75,161.1328125,250.0
1539.jpg,5,591.875,147.0703125,166.0
1539.jpg,5,621.25,141.796875,433.0
1539.jpg,5,186.875,475.78125,391.0
1551.jpg,5,361.25,268.9453125,100.0
1551.jpg,5,366.875,248.4375,241.0
1551.jpg,5,656.25,193.359375,217.0
1551.jpg,5,618.75,189.2578125,441.0
1551.jpg,5,287.5,372.0703125,167.0
1551.jpg,5,201.875,410.7421875,217.0
1551.jpg,5,185.0,401.3671875,166.0
1553.jpg,5,401.875,261.328125,1432.0
1553.jpg,5,423.125,283.59375,16.0
1553.jpg,5,383.75,269.53125,116.0
1553.jpg,5,384.375,267.7734375,67.0
1553.jpg,5,386.25,264.2578125,8.0
1557.jpg,5,378.75,299.4140625,241.0
1557.jpg,5,251.25,283.59375,142.0
1557.jpg,5,242.5,266.6015625,133.0
1557.jpg,5,232.5,236.1328125,108.0
1557.jpg,5,535.0,205.078125,550.0
1557.jpg,5,502.5,411.328125,541.0
1557.jpg,5,516.875,530.859375,433.0
1557.jpg,5,298.75,361.5234375,242.0
1557.jpg,5,261.875,300.5859375,333.0
1558.jpg,5,266.25,421.2890625,67.0
1558.jpg,5,575.0,418.9453125,67.0
1558.jpg,5,335.625,273.046875,308.0
1558.jpg,5,380.625,222.65625,441.0
1558.jpg,5,231.875,420.703125,641.0
1558.jpg,5,242.5,199.21875,367.0
1559.jpg,5,415.625,289.453125,233.0
1559.jpg,5,356.25,260.15625,341.0
1559.jpg,5,475.625,352.1484375,383.0
1559.jpg,5,500.625,367.96875,233.0
1559.jpg,5,617.5,296.484375,25.0
1559.jpg,5,635.625,168.75,91.0
1559.jpg,5,634.375,113.0859375,100.0
1559.jpg,5,618.125,353.3203125,275.0
1559.jpg,5,560.0,383.7890625,83.0
1559.jpg,5,559.375,360.9375,383.0
1563.jpg,5,270.0,399.609375,175.0
1563.jpg,5,487.5,397.8515625,308.0
1563.jpg,5,251.875,229.6875,533.0
1563.jpg,5,249.375,423.6328125,50.0
1563.jpg,5,249.375,390.234375,899.0
1563.jpg,5,296.25,340.4296875,150.0
1563.jpg,5,490.0,397.265625,683.0
1564.jpg,5,218.75,307.6171875,3115.0
1565.jpg,5,518.125,444.7265625,608.0
1565.jpg,5,371.25,341.015625,608.0
1565.jpg,5,370.625,243.1640625,4664.0
1567.jpg,5,463.75,395.5078125,416.0
1567.jpg,5,480.0,449.4140625,283.0
1567.jpg,5,453.125,404.296875,283.0
1567.jpg,5,320.0,192.7734375,1141.0
1567.jpg,5,476.875,75.5859375,383.0
1567.jpg,5,208.125,462.3046875,208.0
1567.jpg,5,203.75,517.3828125,208.0
1571.jpg,5,318.125,307.03125,600.0
1571.jpg,5,433.75,395.5078125,275.0
1571.jpg,5,447.5,325.1953125,150.0
1571.jpg,5,714.375,604.1015625,116.0
1571.jpg,5,677.5,563.0859375,541.0
1571.jpg,5,566.875,461.1328125,325.0
1571.jpg,5,430.625,336.328125,216.0
1571.jpg,5,446.875,436.5234375,150.0
1571.jpg,5,718.125,576.5625,100.0
1571.jpg,5,701.25,547.8515625,133.0
1571.jpg,5,719.375,159.375,192.0
1573.jpg,5,233.125,384.375,258.0
1573.jpg,5,488.75,448.2421875,1149.0
1573.jpg,5,215.625,385.546875,83.0
1573.jpg,5,156.25,256.640625,233.0
1573.jpg,5,179.375,229.6875,500.0
1573.jpg,5,148.75,247.265625,266.0
1574.jpg,5,432.5,406.0546875,183.0
1574.jpg,5,445.0,427.734375,316.0
1574.jpg,5,238.75,485.15625,416.0
1574.jpg,5,351.25,200.9765625,391.0
1574.jpg,5,426.25,186.328125,550.0
1574.jpg,5,639.375,274.21875,58.0
1574.jpg,5,635.0,253.125,500.0
1574.jpg,5,445.625,397.8515625,633.0
1580.jpg,5,452.5,352.734375,733.0
1580.jpg,5,447.5,366.2109375,250.0
1580.jpg,5,140.0,442.3828125,325.0
1580.jpg,5,196.25,391.40625,366.0
1580.jpg,5,443.125,368.5546875,242.0
1580.jpg,5,608.125,209.765625,258.0
1580.jpg,5,583.125,179.296875,208.0
1580.jpg,5,614.375,124.21875,283.0
1581.jpg,5,353.75,233.7890625,383.0
1581.jpg,5,337.5,158.203125,341.0
1581.jpg,5,367.5,164.0625,283.0
1581.jpg,5,394.375,184.5703125,175.0
1581.jpg,5,346.875,258.3984375,641.0
1581.jpg,5,390.0,274.21875,200.0
1581.jpg,5,346.875,251.953125,766.0
1587.jpg,5,400.0,506.8359375,200.0
1587.jpg,5,115.0,288.28125,100.0
1587.jpg,5,119.375,266.6015625,58.0
1587.jpg,5,115.625,291.796875,108.0
1587.jpg,5,149.375,318.1640625,192.0
1587.jpg,5,145.0,291.2109375,83.0
1587.jpg,5,138.75,271.2890625,208.0
1587.jpg,5,76.875,271.2890625,325.0
1587.jpg,5,155.0,269.53125,491.0
1587.jpg,5,244.375,153.515625,375.0
1587.jpg,5,421.875,210.3515625,400.0
1590.jpg,5,363.75,264.2578125,325.0
1590.jpg,5,597.5,409.5703125,366.0
1590.jpg,5,561.25,385.546875,192.0
1590.jpg,5,258.125,502.734375,291.0
1590.jpg,5,232.5,464.0625,458.0
1590.jpg,5,228.125,515.0390625,583.0
1590.jpg,5,236.875,602.34375,233.0
1590.jpg,5,263.125,601.7578125,158.0
1596.jpg,5,429.375,372.65625,258.0
1596.jpg,5,151.25,341.6015625,167.0
1596.jpg,5,412.5,243.1640625,916.0
1596.jpg,5,433.125,365.625,200.0
1596.jpg,5,453.125,423.046875,125.0
1596.jpg,5,488.75,520.8984375,716.0
1596.jpg,5,431.25,270.703125,183.0
1598.jpg,5,329.375,416.6015625,583.0
1598.jpg,5,358.125,334.5703125,408.0
1598.jpg,5,115.625,305.859375,308.0
1598.jpg,5,57.5,292.96875,433.0
1598.jpg,5,426.875,261.9140625,383.0
1598.jpg,5,366.875,381.4453125,183.0
1598.jpg,5,325.0,426.5625,416.0
1600.jpg,5,371.875,291.2109375,2548.0
1603.jpg,5,512.5,243.1640625,258.0
1603.jpg,5,719.375,236.71875,92.0
1603.jpg,5,735.625,256.0546875,50.0
1603.jpg,5,718.125,240.8203125,141.0
1603.jpg,5,408.75,237.3046875,208.0
1603.jpg,5,275.625,268.359375,325.0
1603.jpg,5,444.375,345.1171875,516.0
1603.jpg,5,508.125,257.8125,558.0
1603.jpg,5,285.625,268.9453125,500.0
1603.jpg,5,411.875,353.90625,266.0
1606.jpg,5,465.0,326.953125,233.0
1606.jpg,5,339.375,485.7421875,216.0
1606.jpg,5,331.875,552.5390625,383.0
1606.jpg,5,423.125,554.8828125,250.0
1606.jpg,5,332.5,498.6328125,450.0
1606.jpg,5,485.625,342.7734375,225.0
1606.jpg,5,486.25,108.3984375,575.0
1606.jpg,5,420.0,94.921875,333.0
1606.jpg,5,536.25,96.09375,500.0
1610.jpg,5,246.875,393.75,275.0
1610.jpg,5,260.0,368.5546875,383.0
1610.jpg,5,325.625,209.1796875,266.0
1610.jpg,5,548.75,210.3515625,416.0
1610.jpg,5,521.25,152.34375,308.0
1610.jpg,5,736.875,142.96875,541.0
1610.jpg,5,386.25,167.578125,350.0
1610.jpg,5,234.375,367.3828125,233.0
1615.jpg,5,501.875,397.265625,291.0
1615.jpg,5,514.375,237.890625,191.0
1615.jpg,5,512.5,203.90625,266.0
1615.jpg,5,335.0,479.8828125,225.0
1615.jpg,5,527.5,449.4140625,200.0
1615.jpg,5,523.125,421.2890625,783.0
1615.jpg,5,498.75,386.1328125,191.0
1615.jpg,5,508.125,361.5234375,208.0
1615.jpg,5,508.125,412.5,441.0
1619.jpg,5,326.875,389.0625,258.0
1619.jpg,5,196.25,372.65625,350.0
1619.jpg,5,577.5,497.4609375,441.0
1619.jpg,5,558.125,364.453125,167.0
1619.jpg,5,590.0,367.3828125,375.0
1619.jpg,5,589.375,308.203125,158.0
1619.jpg,5,512.5,164.6484375,275.0
1619.jpg,5,456.25,126.5625,516.0
1619.jpg,5,551.875,136.5234375,316.0
1620.jpg,5,249.375,410.7421875,341.0
1620.jpg,5,396.875,329.8828125,375.0
1620.jpg,5,340.0,86.1328125,300.0
1620.jpg,5,495.625,130.078125,575.0
1620.jpg,5,400.625,311.71875,558.0
1620.jpg,5,398.125,356.8359375,400.0
1648.jpg,5,413.75,420.1171875,100.0
1648.jpg,5,435.625,473.4375,100.0
1648.jpg,5,133.75,475.1953125,358.0
1648.jpg,5,143.125,360.3515625,441.0
1648.jpg,5,432.5,390.234375,233.0
1648.jpg,5,653.125,399.0234375,283.0
1648.jpg,5,650.625,372.0703125,217.0
1648.jpg,5,376.25,234.9609375,366.0
1648.jpg,5,330.625,250.1953125,283.0
1648.jpg,5,389.375,263.0859375,591.0
